{
  "Total" : {
    "transaction" : "Total",
    "sampleCount" : 5,
    "errorCount" : 0,
    "errorPct" : 0.0,
    "meanResTime" : 1496.8,
    "medianResTime" : 1461.0,
    "minResTime" : 1173.0,
    "maxResTime" : 2048.0,
    "pct1ResTime" : 2048.0,
    "pct2ResTime" : 2048.0,
    "pct3ResTime" : 2048.0,
    "throughput" : 1.722949689869056,
    "receivedKBytesPerSec" : 1.277069154893177,
    "sentKBytesPerSec" : 0.40045119745003444
  },
  "POST Request" : {
    "transaction" : "POST Request",
    "sampleCount" : 5,
    "errorCount" : 0,
    "errorPct" : 0.0,
    "meanResTime" : 1496.8,
    "medianResTime" : 1461.0,
    "minResTime" : 1173.0,
    "maxResTime" : 2048.0,
    "pct1ResTime" : 2048.0,
    "pct2ResTime" : 2048.0,
    "pct3ResTime" : 2048.0,
    "throughput" : 1.722949689869056,
    "receivedKBytesPerSec" : 1.277069154893177,
    "sentKBytesPerSec" : 0.40045119745003444
  }
}