{
  "Total" : {
    "transaction" : "Total",
    "sampleCount" : 5,
    "errorCount" : 0,
    "errorPct" : 0.0,
    "meanResTime" : 1674.6,
    "medianResTime" : 1631.0,
    "minResTime" : 999.0,
    "maxResTime" : 2502.0,
    "pct1ResTime" : 2502.0,
    "pct2ResTime" : 2502.0,
    "pct3ResTime" : 2502.0,
    "throughput" : 1.9984012789768186,
    "receivedKBytesPerSec" : 1.481236885491607,
    "sentKBytesPerSec" : 0.4644721722621903
  },
  "POST Request" : {
    "transaction" : "POST Request",
    "sampleCount" : 5,
    "errorCount" : 0,
    "errorPct" : 0.0,
    "meanResTime" : 1674.6,
    "medianResTime" : 1631.0,
    "minResTime" : 999.0,
    "maxResTime" : 2502.0,
    "pct1ResTime" : 2502.0,
    "pct2ResTime" : 2502.0,
    "pct3ResTime" : 2502.0,
    "throughput" : 1.9984012789768186,
    "receivedKBytesPerSec" : 1.481236885491607,
    "sentKBytesPerSec" : 0.4644721722621903
  }
}